time,name,gender,nickName,property
2022/7/1 上午 3:39:28,Real Name 1,女,Nickname 1,宅宅
2022/7/1 下午 2:25:37,Real Name 2,女,Nickname 2,"善良, 成熟, 甜美, 知性, 幽默"
2022/7/1 下午 2:39:38,Real Name 3,男,Nickname 3,"知性, 謹慎, 善良, 幽默, 短髮"
2022/7/1 下午 4:52:36,Real Name 4,女,Nickname 4,"力量, 健身, 享樂, 漂亮, 凹豆"
2022/7/1 下午 6:16:44,Real Name 5,男,Nickname 5,"務實, 短髮, 幽默, 權威, 善良"
2022/7/1 下午 6:17:06,Real Name 6,女,Nickname 6,"文青, 藝術, 善良, 聰明, 可愛"
2022/7/1 下午 6:55:47,Real Name 7,男,Nickname 7,"宅宅, 務實, 眼鏡, 成熟, 謹慎"
2022/7/1 下午 7:00:55,Real Name 8,男,Nickname 8,"帥氣, 享樂, 務實, 短髮, 藝術"
2022/7/1 下午 7:01:53,Real Name 9,男,Nickname 9,"享樂, 幽默, 質感, 眼鏡, 聰明"
2022/7/1 下午 8:34:37,Real Name 10,男,Nickname 10,文青
2022/7/1 下午 9:27:42,Real Name 11,男,Nickname 11,"幽默, 質感, 博學, 享樂, 成熟"
2022/7/1 下午 10:13:00,Real Name 12,男,Nickname 12,"宅宅, 善良, 聰明, 完美, 凹豆"
2022/7/1 下午 10:30:37,Real Name 13,男,Nickname 13,"善良, 帥氣, 健身, 享樂, 聰明"
2022/7/1 下午 10:50:31,Real Name 14,女,Nickname 14,"成熟, 知性, 聰明, 藝術, 博學"
2022/7/2 上午 2:37:05,Real Name 15,男,Nickname 15,"幽默, 帥氣, 善良, 務實, 完美"
2022/7/2 上午 3:14:08,Real Name 16,女,Nickname 16,"宅宅, 仙氣, 幽默, 聰明, 質感, 藝術"
2022/7/2 上午 8:46:43,Real Name 17,女,Nickname 17,"文青, 質感, 帥氣, 幽默, 短髮"
2022/7/2 上午 10:08:42,Real Name 18,女,Nickname 18,"知性, 質感"
2022/7/2 上午 11:35:14,Real Name 19,男,Nickname 19,"幽默, 可愛, 善良, 質感, 凹豆"
2022/7/2 下午 4:59:06,Real Name 20,女,Nickname 20,"享樂, 質感, 完美, 成熟, 甜美"
2022/7/2 下午 7:42:00,Real Name 21,男,Nickname 21,善良
2022/7/2 下午 9:10:22,Real Name 22,女,Nickname 22,"可愛, 知性, 仙氣, 享樂, 浪漫"
2022/7/2 下午 10:49:07,Real Name 23,男,Nickname 23,"善良, 乖巧, 務實, 博學, 聰明"
2022/7/2 下午 10:50:19,Real Name 24,女,Nickname 24,"幽默, 善良, 質感, 聰明, 眼鏡"
2022/7/2 下午 10:54:37,Real Name 25,女,Nickname 25,"宅宅, 漂亮, 仙氣, 善良, 聰明, 可愛, 務實, 完美, 幽默"
2022/7/2 下午 11:11:17,Real Name 26,女,Nickname 26,"宅宅, 浪漫, 凹豆"
2022/7/2 下午 11:42:52,Real Name 27,女,Nickname 27,"可愛, 漂亮, 善良"
2022/7/3 上午 1:00:39,Real Name 28,男,Nickname 28,"幽默, 知性, 務實, 宅宅, 謹慎"
2022/7/3 上午 5:37:18,Real Name 29,女,Nickname 29,"善良, 享樂, 知性, 藝術, 質感"
2022/7/3 下午 12:11:39,Real Name 30,男,Nickname 30,"宅宅, 知性, 文青, 藝術, 幽默"
2022/7/3 下午 11:12:13,Real Name 31,男,Nickname 31,"浪漫, 短髮, 幽默, 享樂, 眼鏡"
2022/7/3 下午 11:31:50,Real Name 32,女,Nickname 32,"善良, 幽默, 聰明, 可愛, 短髮"
2022/7/4 上午 11:50:05,Real Name 33,女,Nickname 33,"甜美, 藝術, 善良, 漂亮, 健身, 可愛"
2022/7/4 下午 12:50:41,Real Name 34,女,Nickname 34,"文青, 藝術, 宅宅, 幽默, 知性"
2022/7/5 上午 1:52:34,Real Name 35,男,Nickname 35,"可愛, 美艷, 聰明, 健身, 幽默"
2022/7/5 下午 3:03:59,Real Name 36,女,Nickname 36,"質感, 短髮, 享樂, 務實, 善良"
2022/7/5 下午 4:05:56,Real Name 37,女,Nickname 37,"成熟, 享樂, 凹豆, 善良"
2022/7/5 下午 5:49:40,Real Name 38,男,Nickname 38,"可愛, 幽默, 享樂, 宅宅, 善良"
2022/7/6 上午 11:46:31,Real Name 39,男,Nickname 39,"博學, 謹慎, 聰明, 帥氣, 凹豆"
2022/7/6 下午 12:52:05,Real Name 40,女,Nickname 40,"藝術, 宅宅, 幽默, 善良, 可愛"
2022/7/6 下午 3:58:21,Real Name 41,女,Nickname 41,"漂亮, 浪漫, 幽默, 知性, 質感"
2022/7/6 下午 7:39:48,Real Name 42,男,Nickname 42,"博愛, 幽默, 健身, 凹豆, 力量"
2022/7/6 下午 10:56:09,Real Name 43,女,Nickname 43,完美
2022/7/7 下午 10:15:21,Real Name 44,男,Nickname 44,"幽默, 健身, 帥氣, 可愛, 聰明"
2022/7/7 下午 10:18:17,Real Name 45,女,Nickname 45,"質感, 成熟, 仙氣, 漂亮, 美艷"
2022/7/7 下午 10:59:36,Real Name 46,女,Nickname 46,"浪漫, 甜美, 享樂, 可愛, 漂亮"
2022/7/8 上午 12:33:43,Real Name 47,男,Nickname 47,"凹豆, 宅宅, 務實, 仙氣, 幽默"
2022/7/9 上午 2:04:06,Real Name 48,男,Nickname 48,"帥氣, 知性, 幽默, 務實, 完美"
2022/7/9 上午 2:05:14,Real Name 49,女,Nickname 49,"質感, 謹慎, 務實, 乖巧, 知性"
2022/7/10 上午 12:11:44,Real Name 50,男,Nickname 50,"力量, 統帥, 知性, 博愛, 權威"
2022/7/11 下午 9:56:57,Real Name 51,女,Nickname 51,"知性, 凹豆, 聰明, 幽默, 質感"
2022/7/16 下午 9:41:45,Real Name 52,男,Nickname 52,"眼鏡, 知性, 善良, 質感, 幽默"
2022/7/16 下午 10:48:06,Real Name 53,女,Nickname 53,"聰明, 藝術, 統帥"
2022/7/16 下午 11:02:39,Real Name 54,女,Nickname 54,"漂亮, 成熟, 務實, 凹豆, 享樂"
2022/7/17 上午 11:42:43,Real Name 55,男,Nickname 55,"宅宅, 幽默, 眼鏡, 凹豆, 知性"
2022/7/17 下午 10:58:11,Real Name 56,男,Nickname 56,"乖巧, 文青, 善良, 短髮, 眼鏡"
2022/7/17 下午 11:03:19,Real Name 57,女,Nickname 57,"質感, 謹慎, 成熟, 享樂, 宅宅"
2022/7/17 下午 11:13:58,Real Name 58,男,Nickname 58,"享樂, 健身, 謹慎, 幽默, 成熟"
2022/7/18 下午 7:38:30,Real Name 59,女,Nickname 59,"浪漫, 質感"
2022/7/18 下午 11:03:26,Real Name 60,女,Nickname 60,"享樂, 幽默, 藝術, 仙氣, 質感"
2022/7/20 上午 1:23:39,Real Name 61,男,Nickname 61,"藝術, 享樂, 幽默, 善良, 宅宅, 可愛"
2022/7/20 下午 9:46:10,Real Name 62,男,Nickname 62,"宅宅, 享樂, 知性, 質感, 務實"
2022/7/20 下午 10:51:25,Real Name 63,女,Nickname 63,"享樂, 幽默, 聰明, 短髮, 浪漫"
2022/7/20 下午 10:52:48,Real Name 64,女,Nickname 64,"乖巧, 謹慎, 宅宅, 甜美, 務實"
2022/7/22 上午 11:14:55,Real Name 65,男,Nickname 65,"力量, 浪漫, 博愛, 幽默, 權威"
2022/7/22 下午 3:54:09,Real Name 66,男,Nickname 66,"務實, 短髮, 享樂, 善良, 帥氣"
2022/7/22 下午 7:51:54,Real Name 67,男,Nickname 67,"質感, 帥氣, 享樂, 博學, 務實"